username,bio,location,target_population,consensus_source
Roy_Iddan,"tv writer uke player + high functioning sociopath. tweets my own rt not endorsement. heb/eng/ara. proud genx.
מסתכל על ישראל הראשונה מלמעלה",israel,1,auto_agree
RayneNGrace,"imperfect loved by a perfect god! 
married to a wonderful man.
freedom 2a no jabs!
god is in control trust in him.
pro-life. protect children always
no dms.",blessed  usa,0,auto_agree
shirellaloom,כתבת יו''ש | עכשיו 14 | אמא לשני קטנים מתוקים | תואר ראשון | מתנחלת משיחית - אבל עדיין לא טעיתי בענק כמו אנשי ההיגיון | 0542651526,ישראל,1,auto_agree
raananshaked,כעס. למרות כל מה שג'וי אומרת כדי לנסות להרגיע אותי,,1,auto_agree
IsraelMOH,הטוויטר הרשמי של משרד הבריאות | הצטרפו לערוץ הווטסאפ שלנו:,israel,1,auto_agree
HiggsBozoEffect,,texas usa,1,manual_discussion
Haredim_Ashdod,"'חרדים אשדוד' אתר החדשות החרדי הגדול באשדוד
כל מה שחדש במגזר החרדי באשדוד - עדכונים | חדשות | אקטואליה | פוליטיקה | דעה",,1,auto_agree
itayr2,עיתונאי ״המקור״ - רשת 13,,1,auto_agree
BtSIsrael,breaking the silence is an israeli veterans' organization aimed at raising awareness to the dire consequences of prolonged military occupation.,israel,1,auto_agree
rakovdan,sen. fellow,israel,2,manual_discussion
Liorsl,"אדם מאוד מטופש. באמת. 

לא מתמודד טוב עם פידבק חיובי",haifa israel,1,auto_agree
FeaturedRegards,jewish israeli born and raised proud zionist. right wing and conservative. if you don’t follow me i don’t see your dm.,,2,manual_discussion
AlonaSherf,photographer activist vegan.,israel,1,auto_agree
HenMazzig,author: the wrong kind of jew. senior fellow at,tel aviv + london,2,manual_discussion
natalie_Zion_,"activist against antisemitism 

jewish enough to be put in a camp not enough to be saved-ethnic

ba hons business management & aat lv2 -job hunting",england united kingdom,0,auto_agree
yoav_gro,פסיכולוג קליני ואזרח מודאג לאו דווקא בסדר הזה. ציוציי מייצגים את הלא מודע שלי בלבד.,,1,auto_agree
shashashayli,"ליכודניק במקור ולכן תומך ופעיל ביש עתיד כמובן.
אוהד ביתר. דובר הפועלית",ראשון לציון,1,auto_agree
moss_tweets_,"lifetime learner nonbeliever what-aboutist socialist finkelsteinist.
like & follow =/= endorsement",,0,manual_discussion
hanan_green,כתב התיישבות (שטחים) ודתות ישראל היום,אפרת,1,auto_agree
marmeladda,לצלםלרקודלטייללקרוא ולכתוב. בלוגמרמלדה על החייםאמהותטיולים ובעיקר המלצת ספרים וגם ספר ילדים פרי עטי ומצלמתי. שמחה לתגובות,israel jerusalem,1,auto_agree
SteinmanTamir,כתב חדשות 2 בדרום,ישראל,1,auto_agree
ElizabethRimini,בלוגים blogs,,1,auto_agree
frederic_scheer,cancer fighter and survivor! promoting cancer diagnostics testing. helping children in africa & fighting against women abuse in africa. promoting peace!!!,bozeman mt,0,auto_agree
warnerthuston,freelance writer breitbart news western journal and many many more. many time tv and radio guest. email: igcolonel@hotmail.com,chicago ill.,0,auto_agree
The_Adams1,they told me to use the brain god gave me. i did now am atheist מועתק  אבל חמוד...,israel,1,auto_agree
Israellycool,proud jew. ozraeli. executive director israellycool israel advocacy. middle east analyst. antisemites beware.,israel,1,auto_agree
jk006d,love fauda and israel baseball. unofficial president of ritchie torres & haviv rettig gur fan clubs. release the hostages now! עם ישראל חי,secret hq,1,auto_agree
zalmanovitz,בזמני הפנוי יהודי פשוט,jerusalem israel,1,auto_agree
orasetter,14th generation in israel. ph.d. in management studies. past ceo and academic director of the executive   education center in tau  head of  od association.,,1,auto_agree
Dudibnhmo,עיתונאי ומגיש 'כיכר השבת'. לשעבר כתב ומגיש בערוץ 7. ועורך ומגיש בחדשות הסקופים.,ירושלים,1,auto_agree
miluimnikim,"אנחנו המילואימניקים שנלחמים ברגעים אלה על הבית מבינים שהפעם המשימה שלנו לא נגמרת בשדה הקרב.
חתמו על מתווה הגיוס שלנו",,1,auto_agree
orenlebovitch,,israel,1,auto_agree
feministitFTW,"הבו לנו פטיש.
connect@feministit.co.il",ישראל,1,auto_agree
GenFlynn,faith family freedom twice a best selling author. former national security advisor to 45th potus.,local action,0,manual_discussion
zionutdatit,הדף הרשמי של מפלגת הציונות הדתית בראשות בצלאל סמוטריץ',ישראל,1,manual_discussion
DaliaHochberg,"קיבוצניקית קצינה צנחנית סא""ל מנכ""לת מרכז המרצים לישראל אמא של יעל ודניאל שותפה ב onlive   האנשים הכי משפיעים בישראל לייב אצלכם בסלון",israel,1,auto_agree
ksminnovation,kahn-sagol-maccabi (ksm) is the research and innovation center of maccabi healthcare services,tel aviv,1,manual_discussion
shwrzenberg,החיים עוד לא חזרו למסלולם ״הפצעים עדיין לא הגלידו אולי זה יישאר כבר לעולם אולי צריך לתת לזה עוד זמן מה יהיה ימים יגידו אולי צריך לתת לזה עוד זמן״,ישראל,1,auto_agree
GSzneiberg,יליד בואנוס איירס ופעיל ירושלמי עובד בנק וסוציאל דמוקרט פסיכולוג ומנתח מערכות.,jerusalem,0,manual_discussion
aronkalman1,תקשורת • סטודנט למשפטים,,1,auto_agree
ExArcanaImperii,𝐏𝐡𝐃,whitechapel london,0,auto_agree
PearlmanYeC,#torah,mount tzion,2,manual_discussion
Arabhebre,"חדשות יומיות בערבית מדוברת תעתיק תרגום ואוצר מילים לשינון.

חדשות בערבית גם בטלגרם",,1,auto_agree
Hollandia_il,מערכות השינה הטובות בעולם,,1,manual_discussion
yoaveven,כתב לענייני בריאות חדשות ערוץ 2,תל אביב,1,auto_agree
YMalulu,מצחיקה את עצמי.,,1,auto_agree
tomweg,author of the bestseller cannabis wars and gold medal winner of the global books award. strategic consultant and legalization advocate.,ישראל,1,auto_agree
UriSadot,,tel-aviv israel,1,auto_agree
EmekShaveh,jerusalem-based organization of archaeologists and community activists focusing on the role of archaeology in society and in the israeli-palestinian conflict.,jerusalem,1,auto_agree
itamarfleishe,כמים הפנים אל הפנים כן לב האדם אל האדם,ישראל,1,auto_agree
uriweltmann,אורגנייזר ארצי - תנועת עומדים ביחד,תל-אביב تل ابيب tel-aviv,1,manual_discussion
Roni_katz1,,,1,auto_agree
Energy_IL,the official twitter account of israel’s ministry of energy & infrastructure  החשבון הרשמי של משרד האנרגיה והתשתיות,בנק ישראל 7 ירושלים,1,auto_agree
MariaGArocha,venezolana portugueseña araureña defensora de los ddhh. presidente regional de encuentro ciudadano portuguesa.,venezuela,0,auto_agree
lopoter,,israel,1,auto_agree
hadarseg,,tel aviv,1,auto_agree
marymauldin,#godisamongus,descendant-puritans here 1636,0,manual_discussion
adamscottbellos,host of “unfiltered w/ adam” pragmatic political commentator and zionist. founder and ceo of,tel aviv israel,1,auto_agree
amaliadoron,opinions are my own,tel aviv,1,auto_agree
AR__PU,monero,supranational monetary defi,2,manual_discussion
moshes2912,יהיה בסדר.,ישראל,1,auto_agree
EstyS,אזרחית בתפקיד ||  בלילות חולמת על גרפים חשמליים,tel aviv - israel,1,auto_agree
AdrielBeneviste,"advogado 
compliance penal
estudioso do direito - 
am israel chaim
מרוח פיו של השקרן נעשה היצר הרע וכשיבוא משיח אז לא יהיה שקר ובשביל זה לא יהיה יצר הרע בעולם",jerusalém israel,1,auto_agree
BerentMoshe,,,1,auto_agree
democratechil,"הייטק לא יכול לצמוח בלי דמוקרטיה יציבה.
אין דמוקרטיה אין כלכלה אין הייטק.

הצטרפו אלינו",,1,auto_agree
Uvda_tweet,תוכנית התחקירים של ישראל מאז 1993. הצעות לכתבות : uvda@mako.co.il בטלמסר 072-3944333  או כאן,,1,auto_agree
Tani_Frank,מנהל המרכז ליהדות ומדינה מבית,israel,1,auto_agree
israzohar,חביב השונאים בטוויטר. ציוציי על דעתי מפוקפקת ככל שתהיה,,1,auto_agree
MichalBenArii,כתבת צבאית בבטאון חיל-האוויר (במיל׳) • עורכת חדשות ב-n12 (בדימוס) • מנהלת הדיגיטל של איש חשוב מאוד (בהווה).,,1,auto_agree
MarkLevineNYC,manhattan borough president. find me mostly elsewhere:,manhattan ny,0,auto_agree
gnz_ysr,תל אביבי. מנכל פורום הגבורה לשעבר. רכז ארגון בבני עקיבא. הציוצים על דעתי האישית. משתדל לקרוא פעמיים לפני שמגיב.,תל אביב,1,auto_agree
BigStivo_,הפועל. יותר גדול מאיציק,,1,auto_agree
dont_make_afuss,ההוא מהזה,,1,manual_discussion
elbazr5,,israel,1,auto_agree
mz_nh45180,,,1,manual_discussion
uricirlin1,מאמין בחיים מחוץ לכדור הארץ. מבין מאוד בהלכה. רק הפועל. lfc. בזכותי צה״ל כבש את החרמון הסורי,,1,auto_agree
Epoch_Magazine,מגזין | חדשות | פרשנויות,בן גוריון 20 גבעת שמואל,1,manual_discussion
EFischberger,independent / freelance writer & investigator | fmr idf ssgt | words:,israel,1,auto_agree
moriatshuva1,הציוצים הם על דעתי האישית בלבד.,,1,auto_agree
QskGMqpKbSuU0vm,מרצה למדעי המדינה ודיקאן הסטודנטים במכללה האקדמית אשקלון,חולון,1,auto_agree
SivanRahav,"אשת תקשורת מרצה אימא לחמישה

mother journalist lecturer",,1,auto_agree
envirohaaretz,עיתונאי סביבה,,1,auto_agree
eliahu51,יועץ תאורה בכיר מומחה לתאורה בחללים גדולים כגון מחסנים לוגיסטיים מפעלים מגרשי ספורט אולמות ספורט  חנויות  מרכזים מסחריים בתי כנסיות ומסגדים. בתי כנסת.,ישראל,1,auto_agree
Schlesinger23,אם ביבי היה משה רבנוהיינו עדיין עבדים במצריים,ישראל,1,auto_agree
j_damari,שינה זה לחלשים,,1,auto_agree
LahavHarkov,senior political correspondent,jerusalem\tel aviv,1,auto_agree
MottyFarangy,אני לא מרגש אותי כלום חוץ מכדורגל עורך חדשות בכkן11 mottyf@kan.org.il,,1,auto_agree
JMileiElecto,"long live freedom damn it! 
mirror ai",argentina,2,manual_discussion
TalShamay,חזאי חדשות 13,ישראל,1,auto_agree
BradSherman,proudly serving california's 32nd district in the u.s. congress. admission: some tweets are prepared by my staff on my behalf. rts are not an endorsement.,sherman oaks ca,0,auto_agree
sergio_barbanti,official profile of the ambassador of italy to israel.,,0,auto_agree
ERSpeiser,"עורך אחראי בהוצאת סלע מאיר. 
כותב על ארה""ב פוליטיקה היסטוריה תרבות פופולרית וכל מה שמעניין

managing editor sella meir publishing",jerusalem israel,1,auto_agree
amirshuan,"אקסית - ידיעות אחרונות.
נוכחית - הצינור",israel,1,auto_agree
NaorGozlan,gozlans holdings & investments. real estate foodtech retail e-commerce,palm beach gardens fl,1,manual_discussion
mordiamar,,tel aviv . israel,1,auto_agree
Lauren_Provost,journalisme numérique dans un quotidien libre. directrice adjointe de la rédaction de,paris,0,auto_agree
Yesh_Din,yesh din is an israeli human rights ngo working in the occupied palestinian territories. mostly funded by foreign governmental entities and other boogiemen.,west bank/tel aviv,1,manual_discussion
ElfeVan,,niederlande,0,manual_discussion
asafzamir,וממלא מקומו,,1,auto_agree
Motek_mordehay,"ח""כ מותק מרדכי (תא""ל צבא הסוכריות של מותק) מסיעת בול באמצע זוכת המקום ה2 באח השורד הבא נולדה ביום בו רבין נרצח ומאמינה בשקיפות מלאה על מלא. חשבון הומוריסטי",ישראל,1,auto_agree
